{
  "timestamp": "2026-02-02T07:02:08.660537",
  "total_players": 3364,
  "league_counts": {
    "League One": 458,
    "Championship": 449,
    "League Two": 444,
    "National League": 440,
    "Serie A": 342,
    "La Liga": 338,
    "Premier League": 322,
    "Ligue 1": 290,
    "Bundesliga": 281
  },
  "missing_data_pct": {
    "Rk": 0.0,
    "Player": 0.0,
    "Nation": 0.0038644470868014267,
    "Pos": 0.0,
    "Squad": 0.0,
    "Age": 0.0032699167657550534,
    "Born": 0.0032699167657550534,
    "MP": 0.0,
    "Starts": 0.0,
    "Min": 0.0,
    "90s": 0.0,
    "Gls": 0.0,
    "Ast": 0.0,
    "G+A": 0.0,
    "G-PK": 0.0,
    "PK": 0.0,
    "PKatt": 0.0,
    "CrdY": 0.0,
    "CrdR": 0.0,
    "Gls.1": 0.0,
    "Ast.1": 0.0,
    "G+A.1": 0.0,
    "G-PK.1": 0.0,
    "G+A-PK": 0.0,
    "Rk_shooting": 0.1310939357907253,
    "Nation_shooting": 0.13347205707491083,
    "Pos_shooting": 0.1310939357907253,
    "Age_shooting": 0.13287752675386444,
    "Born_shooting": 0.13287752675386444,
    "90s_shooting": 0.1310939357907253,
    "Gls_shooting": 0.1310939357907253,
    "Sh": 0.13079667063020214,
    "SoT": 0.13079667063020214,
    "SoT%": 0.19530321046373364,
    "Sh/90": 0.0,
    "SoT/90": 0.0,
    "G/Sh": 0.19530321046373364,
    "G/SoT": 0.23810939357907254,
    "PK_shooting": 0.1310939357907253,
    "PKatt_shooting": 0.1310939357907253,
    "Rk_goalkeeping": 0.9224137931034483,
    "Nation_goalkeeping": 0.9224137931034483,
    "Pos_goalkeeping": 0.9224137931034483,
    "Age_goalkeeping": 0.9224137931034483,
    "Born_goalkeeping": 0.9224137931034483,
    "MP_goalkeeping": 0.9224137931034483,
    "Starts_goalkeeping": 0.9224137931034483,
    "Min_goalkeeping": 0.9224137931034483,
    "90s_goalkeeping": 0.9224137931034483,
    "GA": 0.9224137931034483,
    "GA90": 0.0,
    "SoTA": 0.933115338882283,
    "Saves": 0.933115338882283,
    "Save%": 0.0,
    "W": 0.9224137931034483,
    "D": 0.9224137931034483,
    "L": 0.0,
    "CS": 0.9224137931034483,
    "CS%": 0.0,
    "PKatt_goalkeeping": 0.9224137931034483,
    "PKA": 0.9224137931034483,
    "PKsv": 0.9224137931034483,
    "PKm": 0.9224137931034483,
    "Save%.1": 0.9286563614744352,
    "League": 0.0,
    "Fls": 0.00029726516052318666,
    "Fld": 0.00029726516052318666,
    "Crs": 0.00029726516052318666,
    "Int": 0.00029726516052318666,
    "TklW": 0.00029726516052318666,
    "Unnamed: 19": 1.0,
    "Unnamed: 20": 1.0,
    "Unnamed: 21": 1.0,
    "Unnamed: 22": 1.0,
    "Unnamed: 23": 1.0,
    "Unnamed: 24": 1.0,
    "Unnamed: 25": 1.0,
    "Unnamed: 26": 1.0,
    "Gls/90": 0.0,
    "Ast/90": 0.0,
    "Fls/90": 0.0,
    "Fld/90": 0.0,
    "Crs/90": 0.0,
    "Int/90": 0.0,
    "TklW/90": 0.0,
    "Primary_Pos": 0.0,
    "xG90": 0.0,
    "xA90": 0.0,
    "xGChain90": 0.0,
    "xGBuildup90": 0.0,
    "Drib/90": 0.0,
    "AerWon/90": 0.0,
    "PSxG+/-": 0.0,
    "CrsStp%": 0.0,
    "Swp/90": 0.0,
    "Launch%": 0.0,
    "PassLen": 0.0,
    "Finishing_Efficiency": 0.0,
    "Creative_Efficiency": 0.0,
    "PSxG+/-_pct": 0.9224137931034483,
    "PSxG+/-_pct_quality": 0.9224137931034483,
    "Save%_pct": 0.9224137931034483,
    "Save%_pct_quality": 0.9224137931034483,
    "CS%_pct": 0.9224137931034483,
    "CS%_pct_quality": 0.9224137931034483,
    "GA90_pct": 0.9224137931034483,
    "GA90_pct_quality": 0.9224137931034483,
    "L_pct": 0.9224137931034483,
    "L_pct_quality": 0.9224137931034483,
    "CrsStp%_pct": 0.9224137931034483,
    "CrsStp%_pct_quality": 0.9224137931034483,
    "Swp/90_pct": 0.9224137931034483,
    "Swp/90_pct_quality": 0.9224137931034483,
    "Launch%_pct": 0.9224137931034483,
    "Launch%_pct_quality": 0.9224137931034483,
    "PassLen_pct": 0.9224137931034483,
    "PassLen_pct_quality": 0.9224137931034483,
    "Gls/90_pct": 0.07758620689655173,
    "Gls/90_pct_quality": 0.07758620689655173,
    "Ast/90_pct": 0.07758620689655173,
    "Ast/90_pct_quality": 0.07758620689655173,
    "xG90_pct": 0.07758620689655173,
    "xG90_pct_quality": 0.07758620689655173,
    "xA90_pct": 0.07758620689655173,
    "xA90_pct_quality": 0.07758620689655173,
    "Sh/90_pct": 0.07758620689655173,
    "Sh/90_pct_quality": 0.07758620689655173,
    "SoT/90_pct": 0.07758620689655173,
    "SoT/90_pct_quality": 0.07758620689655173,
    "Crs/90_pct": 0.07758620689655173,
    "Crs/90_pct_quality": 0.07758620689655173,
    "Drib/90_pct": 0.07758620689655173,
    "Drib/90_pct_quality": 0.07758620689655173,
    "TklW/90_pct": 0.07758620689655173,
    "TklW/90_pct_quality": 0.07758620689655173,
    "Int/90_pct": 0.07758620689655173,
    "Int/90_pct_quality": 0.07758620689655173,
    "Fls/90_pct": 0.07758620689655173,
    "Fls/90_pct_quality": 0.07758620689655173,
    "Fld/90_pct": 0.07758620689655173,
    "Fld/90_pct_quality": 0.07758620689655173,
    "AerWon/90_pct": 0.07758620689655173,
    "AerWon/90_pct_quality": 0.07758620689655173,
    "G_plus_A": 0.0,
    "Age_Z_Score_GA90": 0.0,
    "Gls/90_Dominance": 0.0,
    "Ast/90_Dominance": 0.0,
    "xG90_Dominance": 0.0,
    "xA90_Dominance": 0.0,
    "TklW/90_Dominance": 0.0,
    "Int/90_Dominance": 0.0,
    "Completeness_Score": 0.0,
    "Completeness_Core": 0.0,
    "PCA_X": 0.0,
    "PCA_Y": 0.0
  },
  "averages_by_league": {
    "Age": {
      "Bundesliga": 26.153024911032027,
      "Championship": 25.253897550111358,
      "La Liga": 26.115384615384617,
      "League One": 25.49010989010989,
      "League Two": 25.732426303854876,
      "Ligue 1": 25.389655172413793,
      "National League": 25.54712643678161,
      "Premier League": 25.81055900621118,
      "Serie A": 25.74561403508772
    },
    "Gls": {
      "Bundesliga": 2.96085409252669,
      "Championship": 2.6280623608017817,
      "La Liga": 2.5857988165680474,
      "League One": 2.7423580786026203,
      "League Two": 2.7117117117117115,
      "Ligue 1": 2.6655172413793102,
      "National League": 2.981818181818182,
      "Premier League": 3.031055900621118,
      "Serie A": 2.4210526315789473
    },
    "Ast": {
      "Bundesliga": 2.1459074733096086,
      "Championship": 1.866369710467706,
      "La Liga": 1.801775147928994,
      "League One": 1.8296943231441047,
      "League Two": 1.8468468468468469,
      "Ligue 1": 1.903448275862069,
      "National League": 1.8886363636363637,
      "Premier League": 2.267080745341615,
      "Serie A": 1.739766081871345
    },
    "Gls.1": {
      "Bundesliga": 0.14704626334519574,
      "Championship": 0.1111358574610245,
      "La Liga": 0.12174556213017751,
      "League One": 0.11692139737991267,
      "League Two": 0.11927927927927928,
      "Ligue 1": 0.1356896551724138,
      "National League": 0.1215,
      "Premier League": 0.12742236024844722,
      "Serie A": 0.11681286549707603
    },
    "Ast.1": {
      "Bundesliga": 0.10309608540925268,
      "Championship": 0.07567928730512248,
      "La Liga": 0.08502958579881656,
      "League One": 0.07580786026200872,
      "League Two": 0.07704954954954955,
      "Ligue 1": 0.09620689655172414,
      "National League": 0.07836363636363637,
      "Premier League": 0.09537267080745342,
      "Serie A": 0.0839766081871345
    },
    "Age_shooting": {
      "Bundesliga": 26.153024911032027,
      "Championship": 25.253897550111358,
      "La Liga": 26.115384615384617,
      "League One": 25.49010989010989,
      "League Two": 25.732426303854876,
      "Ligue 1": 25.389655172413793,
      "National League": NaN,
      "Premier League": 25.81055900621118,
      "Serie A": 25.733137829912025
    },
    "Gls_shooting": {
      "Bundesliga": 2.96085409252669,
      "Championship": 2.6280623608017817,
      "La Liga": 2.5857988165680474,
      "League One": 2.7423580786026203,
      "League Two": 2.7117117117117115,
      "Ligue 1": 2.6655172413793102,
      "National League": NaN,
      "Premier League": 3.031055900621118,
      "Serie A": 2.4281524926686218
    },
    "Age_goalkeeping": {
      "Bundesliga": 29.38095238095238,
      "Championship": 26.333333333333332,
      "La Liga": 28.88,